id	"url"
0	"http://www.republicofletters.net/index.php/portfolio_page/alexbutterworth/"
1	"http://www.republicofletters.net/index.php/portfolio_page/alexandra-sfoini/"
2	"http://www.republicofletters.net/index.php/portfolio_page/alexandros-nafpliotis/"
3	"http://www.republicofletters.net/index.php/portfolio_page/alfredo-alvar-ezquerra/"
4	"http://www.republicofletters.net/index.php/portfolio_page/alison-searle/"
5	"http://www.republicofletters.net/index.php/portfolio_page/ana-cristina-araujo-2/"
6	"http://www.republicofletters.net/index.php/portfolio_page/andreas-fingernagel/"
7	"http://www.republicofletters.net/index.php/portfolio_page/andrej-svorencik/"
8	"http://www.republicofletters.net/index.php/portfolio_page/jb-shank/"
9	"http://www.republicofletters.net/index.php/portfolio_page/anna-skolimowska/"
10	"http://www.republicofletters.net/index.php/portfolio_page/anne-baillot/"
11	"http://www.republicofletters.net/index.php/portfolio_page/antonio-davila/"
12	"http://www.republicofletters.net/index.php/portfolio_page/antony-mckenna/"
13	"http://www.republicofletters.net/index.php/portfolio_page/ariedubnov/"
14	"http://www.republicofletters.net/index.php/portfolio_page/arno-bosse/"
15	"http://www.republicofletters.net/index.php/portfolio_page/arnold-hunt/"
16	"http://www.republicofletters.net/index.php/portfolio_page/axel-e-walter/"
17	"http://www.republicofletters.net/index.php/portfolio_page/barbara-mcgillivray/"
18	"http://www.republicofletters.net/index.php/portfolio_page/bernhard-haslhofer/"
19	"http://www.republicofletters.net/index.php/portfolio_page/bernhard-woytek/"
20	"http://www.republicofletters.net/index.php/portfolio_page/bragi-olafsson/"
21	"http://www.republicofletters.net/index.php/portfolio_page/bruno-delmas/"
22	"http://www.republicofletters.net/index.php/portfolio_page/castilia-manea-grgin/"
23	"http://www.republicofletters.net/index.php/portfolio_page/charles-van-den-heuvel/"
24	"http://www.republicofletters.net/index.php/portfolio_page/christoph-kudella/"
25	"http://www.republicofletters.net/index.php/portfolio_page/christopher-warren/"
26	"http://www.republicofletters.net/index.php/portfolio_page/claire-grover/"
27	"http://www.republicofletters.net/index.php/portfolio_page/danmatei/"
28	"http://www.republicofletters.net/index.php/portfolio_page/dan-edelstein/"
29	"http://www.republicofletters.net/index.php/portfolio_page/daniel-schopper/"
30	"http://www.republicofletters.net/index.php/portfolio_page/daniela-williams/"
31	"http://www.republicofletters.net/index.php/portfolio_page/david-fiala/"
32	"http://www.republicofletters.net/index.php/portfolio_page/dirk-van-miert/"
33	"http://www.republicofletters.net/index.php/portfolio_page/dominique-allart/"
34	"http://www.republicofletters.net/index.php/portfolio_page/dusan-katuscak/"
35	"http://www.republicofletters.net/index.php/portfolio_page/eero-hyvonen/"
36	"http://www.republicofletters.net/index.php/portfolio_page/eetumakela/"
37	"http://www.republicofletters.net/index.php/portfolio_page/eleni-gkadolou/"
38	"http://www.republicofletters.net/index.php/portfolio_page/elizabeth-williamson/"
39	"http://www.republicofletters.net/index.php/portfolio_page/elizabethanne-boran/"
40	"http://www.republicofletters.net/index.php/portfolio_page/elton-barker/"
41	"http://www.republicofletters.net/index.php/portfolio_page/emamiljkovic/"
42	"http://www.republicofletters.net/index.php/portfolio_page/emilio-russo/"
43	"http://www.republicofletters.net/index.php/portfolio_page/eric-oliver-lochard/"
44	"http://www.republicofletters.net/index.php/portfolio_page/evakowalska/"
45	"http://www.republicofletters.net/index.php/portfolio_page/evren-altinkas-2/"
46	"http://www.republicofletters.net/index.php/portfolio_page/fabien-montcher/"
47	"http://www.republicofletters.net/index.php/portfolio_page/fabio-marri/"
48	"http://www.republicofletters.net/index.php/portfolio_page/federicosangati/"
49	"http://www.republicofletters.net/index.php/portfolio_page/felicity-maxwell/"
50	"http://www.republicofletters.net/index.php/portfolio_page/florbela-veiga-frade/"
51	"http://www.republicofletters.net/index.php/portfolio_page/francesco-barreca/"
52	"http://www.republicofletters.net/index.php/portfolio_page/francesco-luzzini/"
53	"http://www.republicofletters.net/index.php/portfolio_page/frederike-neuber/"
54	"http://www.republicofletters.net/index.php/portfolio_page/gemma-minero-alejandre/"
55	"http://www.republicofletters.net/index.php/portfolio_page/giunia-totaro/"
56	"http://www.republicofletters.net/index.php/portfolio_page/glauco-mantegari/"
57	"http://www.republicofletters.net/index.php/portfolio_page/gregor-pobezin/"
58	"http://www.republicofletters.net/index.php/portfolio_page/guy-lazure/"
59	"http://www.republicofletters.net/index.php/portfolio_page/hedvika-kucharova/"
60	"http://www.republicofletters.net/index.php/portfolio_page/howard-hotson/"
61	"http://www.republicofletters.net/index.php/portfolio_page/ian-gregory/"
62	"http://www.republicofletters.net/index.php/portfolio_page/ikaros-mantouvalos/"
63	"http://www.republicofletters.net/index.php/portfolio_page/iordan-avramov/"
64	"http://www.republicofletters.net/index.php/portfolio_page/istvan-monok/"
65	"http://www.republicofletters.net/index.php/portfolio_page/iva-lelkova/"
66	"http://www.republicofletters.net/index.php/portfolio_page/ivan-boserup/"
67	"http://www.republicofletters.net/index.php/portfolio_page/j-b-shanks/"
68	"http://www.republicofletters.net/index.php/portfolio_page/jan-kozlowski/"
69	"http://www.republicofletters.net/index.php/portfolio_page/janasvobodova/"
70	"http://www.republicofletters.net/index.php/portfolio_page/jaroslava-kasparova/"
71	"http://www.republicofletters.net/index.php/portfolio_page/jean-paul-de-lucca/"
72	"http://www.republicofletters.net/index.php/portfolio_page/jeanine-de-landtsheer/"
73	"http://www.republicofletters.net/index.php/portfolio_page/jens-bjerring-hansen/"
74	"http://www.republicofletters.net/index.php/portfolio_page/jerzy-axer/"
75	"http://www.republicofletters.net/index.php/portfolio_page/jetze-touber/"
76	"http://www.republicofletters.net/index.php/portfolio_page/joelle-weis/"
77	"http://www.republicofletters.net/index.php/portfolio_page/jochen-strobel/"
78	"http://www.republicofletters.net/index.php/portfolio_page/johanna-harris/"
79	"http://www.republicofletters.net/index.php/portfolio_page/jorg-ritter/"
80	"http://www.republicofletters.net/index.php/portfolio_page/jose-luis-rodriguez-gomez/"
81	"http://www.republicofletters.net/index.php/portfolio_page/karen-hollewand/"
82	"http://www.republicofletters.net/index.php/portfolio_page/karen-skovgaard-petersen/"
83	"http://www.republicofletters.net/index.php/portfolio_page/katerina-bobkova-valentova/"
84	"http://www.republicofletters.net/index.php/portfolio_page/kathryn-eccles/"
85	"http://www.republicofletters.net/index.php/portfolio_page/kristi-viiding/"
86	"http://www.republicofletters.net/index.php/portfolio_page/kristin-bliksrud-aavitsland/"
87	"http://www.republicofletters.net/index.php/portfolio_page/lenka-vesela/"
88	"http://www.republicofletters.net/index.php/portfolio_page/leonardo-pica-ciamarra/"
89	"http://www.republicofletters.net/index.php/portfolio_page/lucie-storchova/"
90	"http://www.republicofletters.net/index.php/portfolio_page/luisa-simonutti/"
91	"http://www.republicofletters.net/index.php/portfolio_page/monica-bolufer/"
92	"http://www.republicofletters.net/index.php/portfolio_page/mar-jonsson/"
93	"http://www.republicofletters.net/index.php/portfolio_page/marc-adam-kolakowski/"
94	"http://www.republicofletters.net/index.php/portfolio_page/marco-bresadola/"
95	"http://www.republicofletters.net/index.php/portfolio_page/marco-gurrieri/"
96	"http://www.republicofletters.net/index.php/portfolio_page/maria-kristiina-lotman/"
97	"http://www.republicofletters.net/index.php/portfolio_page/marie-viallon/"
98	"http://www.republicofletters.net/index.php/portfolio_page/marta-vaculinova/"
99	"http://www.republicofletters.net/index.php/portfolio_page/martin-lhotak/"
100	"http://www.republicofletters.net/index.php/portfolio_page/maxkaiser/"
101	"http://www.republicofletters.net/index.php/portfolio_page/max-kemman/"
102	"http://www.republicofletters.net/index.php/portfolio_page/meliha-handzic/"
103	"http://www.republicofletters.net/index.php/portfolio_page/michael-kempe/"
104	"http://www.republicofletters.net/index.php/portfolio_page/michal-valco/"
105	"http://www.republicofletters.net/index.php/portfolio_page/micheleabsalon/"
106	"http://www.republicofletters.net/index.php/portfolio_page/mikkel-munthe-jensen/"
107	"http://www.republicofletters.net/index.php/portfolio_page/monica-mihaela-rizea/"
108	"http://www.republicofletters.net/index.php/portfolio_page/nada-zecevic-2/"
109	"http://www.republicofletters.net/index.php/portfolio_page/neiljeffries/"
110	"http://www.republicofletters.net/index.php/portfolio_page/neven-jovanovic/"
111	"http://www.republicofletters.net/index.php/portfolio_page/nicole-coleman/"
112	"http://www.republicofletters.net/index.php/portfolio_page/nicole-lemaitre/"
113	"http://www.republicofletters.net/index.php/portfolio_page/nieves-baranda/"
114	"http://www.republicofletters.net/index.php/portfolio_page/nikolas-pissis/"
115	"http://www.republicofletters.net/index.php/portfolio_page/noemi-viskolcz/"
116	"http://www.republicofletters.net/index.php/portfolio_page/otfried-czaika/"
117	"http://www.republicofletters.net/index.php/portfolio_page/oyvind-eide/"
118	"http://www.republicofletters.net/index.php/portfolio_page/pablo-toribio/"
119	"http://www.republicofletters.net/index.php/portfolio_page/paola-molino/"
120	"http://www.republicofletters.net/index.php/portfolio_page/paola-moreno/"
121	"http://www.republicofletters.net/index.php/portfolio_page/paolo-ciuccarelli-2/"
122	"http://www.republicofletters.net/index.php/portfolio_page/patricia-murrieta-flores/"
123	"http://www.republicofletters.net/index.php/portfolio_page/patryk-sapala/"
124	"http://www.republicofletters.net/index.php/portfolio_page/pedro-urbano/"
125	"http://www.republicofletters.net/index.php/portfolio_page/per-cullhed/"
126	"http://www.republicofletters.net/index.php/portfolio_page/per-pippin-aspaas-2/"
127	"http://www.republicofletters.net/index.php/portfolio_page/philippe-vendrix/"
128	"http://www.republicofletters.net/index.php/portfolio_page/plamenapopova/"
129	"http://www.republicofletters.net/index.php/portfolio_page/rainer-simon/"
130	"http://www.republicofletters.net/index.php/portfolio_page/richard-sipek/"
131	"http://www.republicofletters.net/index.php/portfolio_page/roberto-evangelista/"
132	"http://www.republicofletters.net/index.php/portfolio_page/robin-buning/"
133	"http://www.republicofletters.net/index.php/portfolio_page/wolframhorstmann-2/"
134	"http://www.republicofletters.net/index.php/portfolio_page/rolf-notvig-jacobsen/"
135	"http://www.republicofletters.net/index.php/portfolio_page/ruth-ahnert-3/"
136	"http://www.republicofletters.net/index.php/portfolio_page/ruth-whelan/"
137	"http://www.republicofletters.net/index.php/portfolio_page/sinai-rusinek/"
138	"http://www.republicofletters.net/index.php/portfolio_page/stefan-schmunk/"
139	"http://www.republicofletters.net/index.php/portfolio_page/stefan-trausan-matu/"
140	"http://www.republicofletters.net/index.php/portfolio_page/stefano-pagliantini/"
141	"http://www.republicofletters.net/index.php/portfolio_page/sue-hemmens/"
142	"http://www.republicofletters.net/index.php/portfolio_page/tanya-gray-jones/"
143	"http://www.republicofletters.net/index.php/portfolio_page/thea-lindquist/"
144	"http://www.republicofletters.net/index.php/portfolio_page/thomaswinkelbauer/"
145	"http://www.republicofletters.net/index.php/portfolio_page/thomas-stacker/"
146	"http://www.republicofletters.net/index.php/portfolio_page/thomas-wallnig/"
147	"http://www.republicofletters.net/index.php/portfolio_page/tobias-heinrich/"
148	"http://www.republicofletters.net/index.php/portfolio_page/tobias-winnerling/"
149	"http://www.republicofletters.net/index.php/portfolio_page/toby-burrows/"
150	"http://www.republicofletters.net/index.php/portfolio_page/tommaso-elli/"
151	"http://www.republicofletters.net/index.php/portfolio_page/tuija-laine/"
152	"http://www.republicofletters.net/index.php/portfolio_page/ulrike-gleixner/"
153	"http://www.republicofletters.net/index.php/portfolio_page/vanda-anastacio-2/"
154	"http://www.republicofletters.net/index.php/portfolio_page/verahildenbrandt/"
155	"http://www.republicofletters.net/index.php/portfolio_page/vittoria-feola/"
156	"http://www.republicofletters.net/index.php/portfolio_page/vladimir-urbanek-2/"
157	"http://www.republicofletters.net/index.php/portfolio_page/vojtech-sicha/"
158	"http://www.republicofletters.net/index.php/portfolio_page/walter-ravenek/"
159	"http://www.republicofletters.net/index.php/portfolio_page/wijnandmijnhardt/"
160	"http://www.republicofletters.net/index.php/portfolio_page/william-zammit/"
161	"http://www.republicofletters.net/index.php/portfolio_page/wolframhorstmann/"
162	"http://www.republicofletters.net/index.php/portfolio_page/zeljka-salopek/"
163	"http://www.republicofletters.net/index.php/portfolio_page/zivile-nedzinskaite/"
